_id,name,trips,airline,__v
5f1c59ccfa523c3aa793c05b,Evangelia Alaine,663,"{""id"":2,""name"":""Singapore Airlines"",""country"":""Singapore"",""logo"":""https://upload.wikimedia.org/wikipedia/en/thumb/6/6b/Singapore_Airlines_Logo_2.svg/250px-Singapore_Airlines_Logo_2.svg.png"",""slogan"":""A Great Way to Fly"",""head_quaters"":""Airline House, 25 Airline Road, Singapore 819829"",""website"":""www.singaporeair.com"",""established"":""1947""}",0
5f1c59cbfa523c3aa793c00d,Lynna Tomas,341,"{""id"":7,""name"":""Deutsche Lufthansa AG"",""country"":""Germany"",""logo"":""https://upload.wikimedia.org/wikipedia/commons/thumb/b/b8/Lufthansa_Logo_2018.svg/300px-Lufthansa_Logo_2018.svg.png"",""slogan"":""Say yes to the world"",""head_quaters"":""Cologne, Germany"",""website"":""lufthansa.com"",""established"":""1953""}",0
5f1c59cbfa523c3aa793c03e,Melba Kiri,631,"[{""id"":8,""name"":""Thai Airways"",""country"":""Thailand"",""logo"":""https://upload.wikimedia.org/wikipedia/en/thumb/5/58/Thai_Airways_Logo.svg/200px-Thai_Airways_Logo.svg.png"",""slogan"":""Smooth as Silk / I Fly THAI"",""head_quaters"":""Jom Phol Subdistrict, Chatuchak, Bangkok, Thailand"",""website"":""www.thaiairways.com"",""established"":""1960""}]",0
5f1c59cbfa523c3aa793c042,Roch Breban,116,"{""id"":3,""name"":""Cathay Pacific"",""country"":""Hong Kong"",""logo"":""https://upload.wikimedia.org/wikipedia/en/thumb/1/17/Cathay_Pacific_logo.svg/300px-Cathay_Pacific_logo.svg.png"",""slogan"":""Move Beyond"",""head_quaters"":""Cathay City, Hong Kong International Airport, Chek Lap Kok, Hong Kong"",""website"":""www.cathaypacific.com"",""established"":""1946""}",0
5f1c59ccfa523c3aa793c063,Livia Desmund,569,"{""id"":8,""name"":""Thai Airways"",""country"":""Thailand"",""logo"":""https://upload.wikimedia.org/wikipedia/en/thumb/5/58/Thai_Airways_Logo.svg/200px-Thai_Airways_Logo.svg.png"",""slogan"":""Smooth as Silk / I Fly THAI"",""head_quaters"":""Jom Phol Subdistrict, Chatuchak, Bangkok, Thailand"",""website"":""www.thaiairways.com"",""established"":""1960""}",0
5f1c59cdfa523c3aa793c08f,Charlotte Ozkum,853,"{""id"":3,""name"":""Cathay Pacific"",""country"":""Hong Kong"",""logo"":""https://upload.wikimedia.org/wikipedia/en/thumb/1/17/Cathay_Pacific_logo.svg/300px-Cathay_Pacific_logo.svg.png"",""slogan"":""Move Beyond"",""head_quaters"":""Cathay City, Hong Kong International Airport, Chek Lap Kok, Hong Kong"",""website"":""www.cathaypacific.com"",""established"":""1946""}",0
5f1c59cbfa523c3aa793c031,Fancy Ottinger,782,"{""id"":5,""name"":""Eva Air"",""country"":""Taiwan"",""logo"":""https://upload.wikimedia.org/wikipedia/en/thumb/e/ed/EVA_Air_logo.svg/250px-EVA_Air_logo.svg.png"",""slogan"":""Sharing the World, Flying Together"",""head_quaters"":""376, Hsin-Nan Rd., Sec. 1, Luzhu, Taoyuan City, Taiwan"",""website"":""www.evaair.com"",""established"":""1989""}",0
5f1c59cefa523c3aa793c093,Valentina Kelcey,474,"{""id"":1,""name"":""Quatar Airways"",""country"":""Quatar"",""logo"":""https://upload.wikimedia.org/wikipedia/en/thumb/9/9b/Qatar_Airways_Logo.svg/300px-Qatar_Airways_Logo.svg.png"",""slogan"":""Going Places Together"",""head_quaters"":""Qatar Airways Towers, Doha, Qatar"",""website"":""www.qatarairways.com"",""established"":""1994""}",0
5f1c59c9fa523c3aa793bf82,Goldie Oates,357,"{""id"":7,""name"":""Deutsche Lufthansa AG"",""country"":""Germany"",""logo"":""https://upload.wikimedia.org/wikipedia/commons/thumb/b/b8/Lufthansa_Logo_2018.svg/300px-Lufthansa_Logo_2018.svg.png"",""slogan"":""Say yes to the world"",""head_quaters"":""Cologne, Germany"",""website"":""lufthansa.com"",""established"":""1953""}",0
5f1c59ccfa523c3aa793c076,Norrie Barkley,647,"{""id"":4,""name"":""Emirates"",""country"":""Dubai"",""logo"":""https://upload.wikimedia.org/wikipedia/commons/thumb/d/d0/Emirates_logo.svg/150px-Emirates_logo.svg.png"",""slogan"":""From Dubai to destinations around the world."",""head_quaters"":""Garhoud, Dubai, United Arab Emirates"",""website"":""www.emirates.com/"",""established"":""1985""}",0
5f1c59cbfa523c3aa793c04d,Twyla Gary,994,"{""id"":6,""name"":""Qantas"",""country"":""Austrailia"",""logo"":""https://upload.wikimedia.org/wikipedia/en/thumb/0/02/Qantas_Airways_logo_2016.svg/300px-Qantas_Airways_logo_2016.svg.png"",""slogan"":""Spirit of Australia"",""head_quaters"":""Mascot, Sydney, Australia"",""website"":""qantas.com"",""established"":""1920""}",0
5f1c59cafa523c3aa793bf9c,Issie Zurn,281,"{""id"":3,""name"":""Cathay Pacific"",""country"":""Hong Kong"",""logo"":""https://upload.wikimedia.org/wikipedia/en/thumb/1/17/Cathay_Pacific_logo.svg/300px-Cathay_Pacific_logo.svg.png"",""slogan"":""Move Beyond"",""head_quaters"":""Cathay City, Hong Kong International Airport, Chek Lap Kok, Hong Kong"",""website"":""www.cathaypacific.com"",""established"":""1946""}",0
5f1c59ccfa523c3aa793c07a,Joyan Giliana,832,"{""id"":9,""name"":""Japan Airlines"",""country"":""Japan"",""logo"":""https://upload.wikimedia.org/wikipedia/en/thumb/d/dd/Japan_Airlines_Logo_%282011%29.svg/300px-Japan_Airlines_Logo_%282011%29.svg.png"",""slogan"":""Fly into tomorrow"",""head_quaters"":""Shinagawa, Tokyo, Japan"",""website"":""www.jal.com"",""established"":""1951""}",0
5f1c59ccfa523c3aa793c059,Elnore Mollie,879,"{""id"":5,""name"":""Eva Air"",""country"":""Taiwan"",""logo"":""https://upload.wikimedia.org/wikipedia/en/thumb/e/ed/EVA_Air_logo.svg/250px-EVA_Air_logo.svg.png"",""slogan"":""Sharing the World, Flying Together"",""head_quaters"":""376, Hsin-Nan Rd., Sec. 1, Luzhu, Taoyuan City, Taiwan"",""website"":""www.evaair.com"",""established"":""1989""}",0
5f1c59cafa523c3aa793bf94,Cybill Allisan,741,"{""id"":8,""name"":""Thai Airways"",""country"":""Thailand"",""logo"":""https://upload.wikimedia.org/wikipedia/en/thumb/5/58/Thai_Airways_Logo.svg/200px-Thai_Airways_Logo.svg.png"",""slogan"":""Smooth as Silk / I Fly THAI"",""head_quaters"":""Jom Phol Subdistrict, Chatuchak, Bangkok, Thailand"",""website"":""www.thaiairways.com"",""established"":""1960""}",0
5f1c59c9fa523c3aa793bf3c,Danika Maretz,359,"{""id"":2,""name"":""Singapore Airlines"",""country"":""Singapore"",""logo"":""https://upload.wikimedia.org/wikipedia/en/thumb/6/6b/Singapore_Airlines_Logo_2.svg/250px-Singapore_Airlines_Logo_2.svg.png"",""slogan"":""A Great Way to Fly"",""head_quaters"":""Airline House, 25 Airline Road, Singapore 819829"",""website"":""www.singaporeair.com"",""established"":""1947""}",0
5f1c59cbfa523c3aa793c03a,Mathilda Capone,835,"{""id"":1,""name"":""Quatar Airways"",""country"":""Quatar"",""logo"":""https://upload.wikimedia.org/wikipedia/en/thumb/9/9b/Qatar_Airways_Logo.svg/300px-Qatar_Airways_Logo.svg.png"",""slogan"":""Going Places Together"",""head_quaters"":""Qatar Airways Towers, Doha, Qatar"",""website"":""www.qatarairways.com"",""established"":""1994""}",0
5f1c59c9fa523c3aa793bf41,Brett Jo-Ank,824,"{""id"":7,""name"":""Deutsche Lufthansa AG"",""country"":""Germany"",""logo"":""https://upload.wikimedia.org/wikipedia/commons/thumb/b/b8/Lufthansa_Logo_2018.svg/300px-Lufthansa_Logo_2018.svg.png"",""slogan"":""Say yes to the world"",""head_quaters"":""Cologne, Germany"",""website"":""lufthansa.com"",""established"":""1953""}",0
5f1c59c9fa523c3aa793bf46,Lyda Gladys,287,"[{""id"":4,""name"":""Emirates"",""country"":""Dubai"",""logo"":""https://upload.wikimedia.org/wikipedia/commons/thumb/d/d0/Emirates_logo.svg/150px-Emirates_logo.svg.png"",""slogan"":""From Dubai to destinations around the world."",""head_quaters"":""Garhoud, Dubai, United Arab Emirates"",""website"":""www.emirates.com/"",""established"":""1985""}]",0
5f1c59c9fa523c3aa793bf4b,De Jemena,275,"{""id"":1,""name"":""Quatar Airways"",""country"":""Quatar"",""logo"":""https://upload.wikimedia.org/wikipedia/en/thumb/9/9b/Qatar_Airways_Logo.svg/300px-Qatar_Airways_Logo.svg.png"",""slogan"":""Going Places Together"",""head_quaters"":""Qatar Airways Towers, Doha, Qatar"",""website"":""www.qatarairways.com"",""established"":""1994""}",0
5f1c59c9fa523c3aa793bf87,Claresta Bel,141,"{""id"":5,""name"":""Eva Air"",""country"":""Taiwan"",""logo"":""https://upload.wikimedia.org/wikipedia/en/thumb/e/ed/EVA_Air_logo.svg/250px-EVA_Air_logo.svg.png"",""slogan"":""Sharing the World, Flying Together"",""head_quaters"":""376, Hsin-Nan Rd., Sec. 1, Luzhu, Taoyuan City, Taiwan"",""website"":""www.evaair.com"",""established"":""1989""}",0
5f1c59cbfa523c3aa793c041,Amalita Mary,231,"{""id"":3,""name"":""Cathay Pacific"",""country"":""Hong Kong"",""logo"":""https://upload.wikimedia.org/wikipedia/en/thumb/1/17/Cathay_Pacific_logo.svg/300px-Cathay_Pacific_logo.svg.png"",""slogan"":""Move Beyond"",""head_quaters"":""Cathay City, Hong Kong International Airport, Chek Lap Kok, Hong Kong"",""website"":""www.cathaypacific.com"",""established"":""1946""}",0
5f1c59cafa523c3aa793bf8c,Editha Line,348,"{""id"":1,""name"":""Quatar Airways"",""country"":""Quatar"",""logo"":""https://upload.wikimedia.org/wikipedia/en/thumb/9/9b/Qatar_Airways_Logo.svg/300px-Qatar_Airways_Logo.svg.png"",""slogan"":""Going Places Together"",""head_quaters"":""Qatar Airways Towers, Doha, Qatar"",""website"":""www.qatarairways.com"",""established"":""1994""}",0
5f1c59cefa523c3aa793c097,Venita Murdocca,424,"{""id"":7,""name"":""Deutsche Lufthansa AG"",""country"":""Germany"",""logo"":""https://upload.wikimedia.org/wikipedia/commons/thumb/b/b8/Lufthansa_Logo_2018.svg/300px-Lufthansa_Logo_2018.svg.png"",""slogan"":""Say yes to the world"",""head_quaters"":""Cologne, Germany"",""website"":""lufthansa.com"",""established"":""1953""}",0
5f1c59cafa523c3aa793bf90,Olive Walsh,897,"{""id"":7,""name"":""Deutsche Lufthansa AG"",""country"":""Germany"",""logo"":""https://upload.wikimedia.org/wikipedia/commons/thumb/b/b8/Lufthansa_Logo_2018.svg/300px-Lufthansa_Logo_2018.svg.png"",""slogan"":""Say yes to the world"",""head_quaters"":""Cologne, Germany"",""website"":""lufthansa.com"",""established"":""1953""}",0
5f1c59cafa523c3aa793bfa0,Maureen Previdi,399,"{""id"":8,""name"":""Thai Airways"",""country"":""Thailand"",""logo"":""https://upload.wikimedia.org/wikipedia/en/thumb/5/58/Thai_Airways_Logo.svg/200px-Thai_Airways_Logo.svg.png"",""slogan"":""Smooth as Silk / I Fly THAI"",""head_quaters"":""Jom Phol Subdistrict, Chatuchak, Bangkok, Thailand"",""website"":""www.thaiairways.com"",""established"":""1960""}",0
5f1c59cefa523c3aa793c09f,Eleonora Rosana,723,"{""id"":8,""name"":""Thai Airways"",""country"":""Thailand"",""logo"":""https://upload.wikimedia.org/wikipedia/en/thumb/5/58/Thai_Airways_Logo.svg/200px-Thai_Airways_Logo.svg.png"",""slogan"":""Smooth as Silk / I Fly THAI"",""head_quaters"":""Jom Phol Subdistrict, Chatuchak, Bangkok, Thailand"",""website"":""www.thaiairways.com"",""established"":""1960""}",0
5f1c59ccfa523c3aa793c065,Andy Vivle,662,"{""id"":3,""name"":""Cathay Pacific"",""country"":""Hong Kong"",""logo"":""https://upload.wikimedia.org/wikipedia/en/thumb/1/17/Cathay_Pacific_logo.svg/300px-Cathay_Pacific_logo.svg.png"",""slogan"":""Move Beyond"",""head_quaters"":""Cathay City, Hong Kong International Airport, Chek Lap Kok, Hong Kong"",""website"":""www.cathaypacific.com"",""established"":""1946""}",0
5f1c59cafa523c3aa793bfa4,Violette Marigolde,384,"{""id"":9,""name"":""Japan Airlines"",""country"":""Japan"",""logo"":""https://upload.wikimedia.org/wikipedia/en/thumb/d/dd/Japan_Airlines_Logo_%282011%29.svg/300px-Japan_Airlines_Logo_%282011%29.svg.png"",""slogan"":""Fly into tomorrow"",""head_quaters"":""Shinagawa, Tokyo, Japan"",""website"":""www.jal.com"",""established"":""1951""}",0
5f1c59ccfa523c3aa793c069,Latisha Valeria,494,"{""id"":4,""name"":""Emirates"",""country"":""Dubai"",""logo"":""https://upload.wikimedia.org/wikipedia/commons/thumb/d/d0/Emirates_logo.svg/150px-Emirates_logo.svg.png"",""slogan"":""From Dubai to destinations around the world."",""head_quaters"":""Garhoud, Dubai, United Arab Emirates"",""website"":""www.emirates.com/"",""established"":""1985""}",0
5f1c59c9fa523c3aa793bf64,Super Michel,15,"[{""id"":8,""name"":""Thai Airways"",""country"":""Thailand"",""logo"":""https://upload.wikimedia.org/wikipedia/en/thumb/5/58/Thai_Airways_Logo.svg/200px-Thai_Airways_Logo.svg.png"",""slogan"":""Smooth as Silk / I Fly THAI"",""head_quaters"":""Jom Phol Subdistrict, Chatuchak, Bangkok, Thailand"",""website"":""www.thaiairways.com"",""established"":""1960""}]",0
5f1c59cbfa523c3aa793c025,Rubetta Varick,827,"{""id"":9,""name"":""Japan Airlines"",""country"":""Japan"",""logo"":""https://upload.wikimedia.org/wikipedia/en/thumb/d/dd/Japan_Airlines_Logo_%282011%29.svg/300px-Japan_Airlines_Logo_%282011%29.svg.png"",""slogan"":""Fly into tomorrow"",""head_quaters"":""Shinagawa, Tokyo, Japan"",""website"":""www.jal.com"",""established"":""1951""}",0
5f1c59c9fa523c3aa793bf69,Fidelia Tallulah,375,"{""id"":6,""name"":""Qantas"",""country"":""Austrailia"",""logo"":""https://upload.wikimedia.org/wikipedia/en/thumb/0/02/Qantas_Airways_logo_2016.svg/300px-Qantas_Airways_logo_2016.svg.png"",""slogan"":""Spirit of Australia"",""head_quaters"":""Mascot, Sydney, Australia"",""website"":""qantas.com"",""established"":""1920""}",0
5f1c59ccfa523c3aa793c05a,Lillian Thema,356,"{""id"":7,""name"":""Deutsche Lufthansa AG"",""country"":""Germany"",""logo"":""https://upload.wikimedia.org/wikipedia/commons/thumb/b/b8/Lufthansa_Logo_2018.svg/300px-Lufthansa_Logo_2018.svg.png"",""slogan"":""Say yes to the world"",""head_quaters"":""Cologne, Germany"",""website"":""lufthansa.com"",""established"":""1953""}",0
5f1c59cdfa523c3aa793c07f,Janine Dill,645,"{""id"":7,""name"":""Deutsche Lufthansa AG"",""country"":""Germany"",""logo"":""https://upload.wikimedia.org/wikipedia/commons/thumb/b/b8/Lufthansa_Logo_2018.svg/300px-Lufthansa_Logo_2018.svg.png"",""slogan"":""Say yes to the world"",""head_quaters"":""Cologne, Germany"",""website"":""lufthansa.com"",""established"":""1953""}",0
5f1c59cbfa523c3aa793c049,Lauree Genovera,387,"{""id"":1,""name"":""Quatar Airways"",""country"":""Quatar"",""logo"":""https://upload.wikimedia.org/wikipedia/en/thumb/9/9b/Qatar_Airways_Logo.svg/300px-Qatar_Airways_Logo.svg.png"",""slogan"":""Going Places Together"",""head_quaters"":""Qatar Airways Towers, Doha, Qatar"",""website"":""www.qatarairways.com"",""established"":""1994""}",0
5f1c59ccfa523c3aa793c06a,Kaleena Rutter,856,"{""id"":5,""name"":""Eva Air"",""country"":""Taiwan"",""logo"":""https://upload.wikimedia.org/wikipedia/en/thumb/e/ed/EVA_Air_logo.svg/250px-EVA_Air_logo.svg.png"",""slogan"":""Sharing the World, Flying Together"",""head_quaters"":""376, Hsin-Nan Rd., Sec. 1, Luzhu, Taoyuan City, Taiwan"",""website"":""www.evaair.com"",""established"":""1989""}",0
5f1c59cbfa523c3aa793c045,Malia Velleman,961,"{""id"":7,""name"":""Deutsche Lufthansa AG"",""country"":""Germany"",""logo"":""https://upload.wikimedia.org/wikipedia/commons/thumb/b/b8/Lufthansa_Logo_2018.svg/300px-Lufthansa_Logo_2018.svg.png"",""slogan"":""Say yes to the world"",""head_quaters"":""Cologne, Germany"",""website"":""lufthansa.com"",""established"":""1953""}",0
5f1c59c9fa523c3aa793bf7d,Briney Apul,349,"{""id"":5,""name"":""Eva Air"",""country"":""Taiwan"",""logo"":""https://upload.wikimedia.org/wikipedia/en/thumb/e/ed/EVA_Air_logo.svg/250px-EVA_Air_logo.svg.png"",""slogan"":""Sharing the World, Flying Together"",""head_quaters"":""376, Hsin-Nan Rd., Sec. 1, Luzhu, Taoyuan City, Taiwan"",""website"":""www.evaair.com"",""established"":""1989""}",0
5f1c59cbfa523c3aa793c039,Louisette Tracee,297,"{""id"":1,""name"":""Quatar Airways"",""country"":""Quatar"",""logo"":""https://upload.wikimedia.org/wikipedia/en/thumb/9/9b/Qatar_Airways_Logo.svg/300px-Qatar_Airways_Logo.svg.png"",""slogan"":""Going Places Together"",""head_quaters"":""Qatar Airways Towers, Doha, Qatar"",""website"":""www.qatarairways.com"",""established"":""1994""}",0
5f1c59ccfa523c3aa793c06e,Test3,22,"[{""_id"":""5f22b0d1b8c8cb8a407a44ab"",""id"":150,""name"":""Paris Airways"",""country"":""France"",""logo"":""https://upload.wikimedia.org/wikipedia/en/thumb/5/58/Thai_Airways_Logo.svg/200px-Thai_Airways_Logo.svg.png"",""slogan"":""Smooth as Silk / I Fly THAI"",""head_quaters"":""Jom Phol Subdistrict, Chatuchak, Bangkok, Thailand"",""website"":""www.thaiairways.com"",""established"":""1960"",""__v"":0}]",0
5f1c59cbfa523c3aa793c03d,Othilia Fisk,992,"{""id"":2,""name"":""Singapore Airlines"",""country"":""Singapore"",""logo"":""https://upload.wikimedia.org/wikipedia/en/thumb/6/6b/Singapore_Airlines_Logo_2.svg/250px-Singapore_Airlines_Logo_2.svg.png"",""slogan"":""A Great Way to Fly"",""head_quaters"":""Airline House, 25 Airline Road, Singapore 819829"",""website"":""www.singaporeair.com"",""established"":""1947""}",0
5f1c59ccfa523c3aa793c072,Maudie Bathelda,359,"{""id"":5,""name"":""Eva Air"",""country"":""Taiwan"",""logo"":""https://upload.wikimedia.org/wikipedia/en/thumb/e/ed/EVA_Air_logo.svg/250px-EVA_Air_logo.svg.png"",""slogan"":""Sharing the World, Flying Together"",""head_quaters"":""376, Hsin-Nan Rd., Sec. 1, Luzhu, Taoyuan City, Taiwan"",""website"":""www.evaair.com"",""established"":""1989""}",0
5f1c59ccfa523c3aa793c055,Sharl Christmann,174,"{""id"":1,""name"":""Quatar Airways"",""country"":""Quatar"",""logo"":""https://upload.wikimedia.org/wikipedia/en/thumb/9/9b/Qatar_Airways_Logo.svg/300px-Qatar_Airways_Logo.svg.png"",""slogan"":""Going Places Together"",""head_quaters"":""Qatar Airways Towers, Doha, Qatar"",""website"":""www.qatarairways.com"",""established"":""1994""}",0
5f1c59ccfa523c3aa793c051,Rozele Luo,142,"{""id"":1,""name"":""Quatar Airways"",""country"":""Quatar"",""logo"":""https://upload.wikimedia.org/wikipedia/en/thumb/9/9b/Qatar_Airways_Logo.svg/300px-Qatar_Airways_Logo.svg.png"",""slogan"":""Going Places Together"",""head_quaters"":""Qatar Airways Towers, Doha, Qatar"",""website"":""www.qatarairways.com"",""established"":""1994""}",0
5f1c59ccfa523c3aa793c06f,Shalna Pomfret,747353,"[{""_id"":""5f22b0d1b8c8cb8a407a44ab"",""id"":150,""name"":""Paris Airways"",""country"":""France"",""logo"":""https://upload.wikimedia.org/wikipedia/en/thumb/5/58/Thai_Airways_Logo.svg/200px-Thai_Airways_Logo.svg.png"",""slogan"":""Smooth as Silk / I Fly THAI"",""head_quaters"":""Jom Phol Subdistrict, Chatuchak, Bangkok, Thailand"",""website"":""www.thaiairways.com"",""established"":""1960"",""__v"":0}]",0
5f1c59cbfa523c3aa793c01d,Cordey Oaks,153,"{""id"":7,""name"":""Deutsche Lufthansa AG"",""country"":""Germany"",""logo"":""https://upload.wikimedia.org/wikipedia/commons/thumb/b/b8/Lufthansa_Logo_2018.svg/300px-Lufthansa_Logo_2018.svg.png"",""slogan"":""Say yes to the world"",""head_quaters"":""Cologne, Germany"",""website"":""lufthansa.com"",""established"":""1953""}",0
5f1c59c9fa523c3aa793bf5f,Virgie Alick,369,"[{""id"":7,""name"":""Deutsche Lufthansa AG"",""country"":""Germany"",""logo"":""https://upload.wikimedia.org/wikipedia/commons/thumb/b/b8/Lufthansa_Logo_2018.svg/300px-Lufthansa_Logo_2018.svg.png"",""slogan"":""Say yes to the world"",""head_quaters"":""Cologne, Germany"",""website"":""lufthansa.com"",""established"":""1953""}]",0
5f1c59ccfa523c3aa793c073,Flora McCreary,133,"{""id"":5,""name"":""Eva Air"",""country"":""Taiwan"",""logo"":""https://upload.wikimedia.org/wikipedia/en/thumb/e/ed/EVA_Air_logo.svg/250px-EVA_Air_logo.svg.png"",""slogan"":""Sharing the World, Flying Together"",""head_quaters"":""376, Hsin-Nan Rd., Sec. 1, Luzhu, Taoyuan City, Taiwan"",""website"":""www.evaair.com"",""established"":""1989""}",0
5f1c59cbfa523c3aa793c021,Tedda Lechner,565,"{""id"":2,""name"":""Singapore Airlines"",""country"":""Singapore"",""logo"":""https://upload.wikimedia.org/wikipedia/en/thumb/6/6b/Singapore_Airlines_Logo_2.svg/250px-Singapore_Airlines_Logo_2.svg.png"",""slogan"":""A Great Way to Fly"",""head_quaters"":""Airline House, 25 Airline Road, Singapore 819829"",""website"":""www.singaporeair.com"",""established"":""1947""}",0
5f1c59cafa523c3aa793bf98,Constancia Sher,485,"{""id"":8,""name"":""Thai Airways"",""country"":""Thailand"",""logo"":""https://upload.wikimedia.org/wikipedia/en/thumb/5/58/Thai_Airways_Logo.svg/200px-Thai_Airways_Logo.svg.png"",""slogan"":""Smooth as Silk / I Fly THAI"",""head_quaters"":""Jom Phol Subdistrict, Chatuchak, Bangkok, Thailand"",""website"":""www.thaiairways.com"",""established"":""1960""}",0
5f1c59cdfa523c3aa793c07e,Kellie Polk,322,"{""id"":1,""name"":""Quatar Airways"",""country"":""Quatar"",""logo"":""https://upload.wikimedia.org/wikipedia/en/thumb/9/9b/Qatar_Airways_Logo.svg/300px-Qatar_Airways_Logo.svg.png"",""slogan"":""Going Places Together"",""head_quaters"":""Qatar Airways Towers, Doha, Qatar"",""website"":""www.qatarairways.com"",""established"":""1994""}",0
5f1c59cefa523c3aa793c09b,Myrah Jarib,328,"{""id"":9,""name"":""Japan Airlines"",""country"":""Japan"",""logo"":""https://upload.wikimedia.org/wikipedia/en/thumb/d/dd/Japan_Airlines_Logo_%282011%29.svg/300px-Japan_Airlines_Logo_%282011%29.svg.png"",""slogan"":""Fly into tomorrow"",""head_quaters"":""Shinagawa, Tokyo, Japan"",""website"":""www.jal.com"",""established"":""1951""}",0
5f1c59ccfa523c3aa793c061,Pris Eisele,385,"{""id"":5,""name"":""Eva Air"",""country"":""Taiwan"",""logo"":""https://upload.wikimedia.org/wikipedia/en/thumb/e/ed/EVA_Air_logo.svg/250px-EVA_Air_logo.svg.png"",""slogan"":""Sharing the World, Flying Together"",""head_quaters"":""376, Hsin-Nan Rd., Sec. 1, Luzhu, Taoyuan City, Taiwan"",""website"":""www.evaair.com"",""established"":""1989""}",0
5f1c59ccfa523c3aa793c05d,Sheilah Beeck,811,"{""id"":2,""name"":""Singapore Airlines"",""country"":""Singapore"",""logo"":""https://upload.wikimedia.org/wikipedia/en/thumb/6/6b/Singapore_Airlines_Logo_2.svg/250px-Singapore_Airlines_Logo_2.svg.png"",""slogan"":""A Great Way to Fly"",""head_quaters"":""Airline House, 25 Airline Road, Singapore 819829"",""website"":""www.singaporeair.com"",""established"":""1947""}",0
5f1c59ccfa523c3aa793c056,Jupiter Artland,619,"[{""id"":8,""name"":""Thai Airways"",""country"":""Thailand"",""logo"":""https://upload.wikimedia.org/wikipedia/en/thumb/5/58/Thai_Airways_Logo.svg/200px-Thai_Airways_Logo.svg.png"",""slogan"":""Smooth as Silk / I Fly THAI"",""head_quaters"":""Jom Phol Subdistrict, Chatuchak, Bangkok, Thailand"",""website"":""www.thaiairways.com"",""established"":""1960""}]",0
5f1c59c9fa523c3aa793bf6e,Cele Goode,284,"{""id"":2,""name"":""Singapore Airlines"",""country"":""Singapore"",""logo"":""https://upload.wikimedia.org/wikipedia/en/thumb/6/6b/Singapore_Airlines_Logo_2.svg/250px-Singapore_Airlines_Logo_2.svg.png"",""slogan"":""A Great Way to Fly"",""head_quaters"":""Airline House, 25 Airline Road, Singapore 819829"",""website"":""www.singaporeair.com"",""established"":""1947""}",0
5f1c59cdfa523c3aa793c083,Evita Kayla,121,"{""id"":5,""name"":""Eva Air"",""country"":""Taiwan"",""logo"":""https://upload.wikimedia.org/wikipedia/en/thumb/e/ed/EVA_Air_logo.svg/250px-EVA_Air_logo.svg.png"",""slogan"":""Sharing the World, Flying Together"",""head_quaters"":""376, Hsin-Nan Rd., Sec. 1, Luzhu, Taoyuan City, Taiwan"",""website"":""www.evaair.com"",""established"":""1989""}",0
5f1c59cbfa523c3aa793c029,Betsy Roswald,624,"{""id"":8,""name"":""Thai Airways"",""country"":""Thailand"",""logo"":""https://upload.wikimedia.org/wikipedia/en/thumb/5/58/Thai_Airways_Logo.svg/200px-Thai_Airways_Logo.svg.png"",""slogan"":""Smooth as Silk / I Fly THAI"",""head_quaters"":""Jom Phol Subdistrict, Chatuchak, Bangkok, Thailand"",""website"":""www.thaiairways.com"",""established"":""1960""}",0
5f1c59ccfa523c3aa793c07b,Debra Umberto,284,"{""id"":1,""name"":""Quatar Airways"",""country"":""Quatar"",""logo"":""https://upload.wikimedia.org/wikipedia/en/thumb/9/9b/Qatar_Airways_Logo.svg/300px-Qatar_Airways_Logo.svg.png"",""slogan"":""Going Places Together"",""head_quaters"":""Qatar Airways Towers, Doha, Qatar"",""website"":""www.qatarairways.com"",""established"":""1994""}",0
5f1c59cbfa523c3aa793c02d,Moreen Mumford,416,"{""id"":6,""name"":""Qantas"",""country"":""Austrailia"",""logo"":""https://upload.wikimedia.org/wikipedia/en/thumb/0/02/Qantas_Airways_logo_2016.svg/300px-Qantas_Airways_logo_2016.svg.png"",""slogan"":""Spirit of Australia"",""head_quaters"":""Mascot, Sydney, Australia"",""website"":""qantas.com"",""established"":""1920""}",0
5f1c59ccfa523c3aa793c066,Joli Pascha,579,"{""id"":7,""name"":""Deutsche Lufthansa AG"",""country"":""Germany"",""logo"":""https://upload.wikimedia.org/wikipedia/commons/thumb/b/b8/Lufthansa_Logo_2018.svg/300px-Lufthansa_Logo_2018.svg.png"",""slogan"":""Say yes to the world"",""head_quaters"":""Cologne, Germany"",""website"":""lufthansa.com"",""established"":""1953""}",0
5f1c59cdfa523c3aa793c08b,Rosalie Agna,736,"{""id"":4,""name"":""Emirates"",""country"":""Dubai"",""logo"":""https://upload.wikimedia.org/wikipedia/commons/thumb/d/d0/Emirates_logo.svg/150px-Emirates_logo.svg.png"",""slogan"":""From Dubai to destinations around the world."",""head_quaters"":""Garhoud, Dubai, United Arab Emirates"",""website"":""www.emirates.com/"",""established"":""1985""}",0
5f1c59c9fa523c3aa793bf78,Arleyne Trella,828,"{""id"":3,""name"":""Cathay Pacific"",""country"":""Hong Kong"",""logo"":""https://upload.wikimedia.org/wikipedia/en/thumb/1/17/Cathay_Pacific_logo.svg/300px-Cathay_Pacific_logo.svg.png"",""slogan"":""Move Beyond"",""head_quaters"":""Cathay City, Hong Kong International Airport, Chek Lap Kok, Hong Kong"",""website"":""www.cathaypacific.com"",""established"":""1946""}",0
5f1c59cbfa523c3aa793c035,Joleen Thanasi,863,"{""id"":1,""name"":""Quatar Airways"",""country"":""Quatar"",""logo"":""https://upload.wikimedia.org/wikipedia/en/thumb/9/9b/Qatar_Airways_Logo.svg/300px-Qatar_Airways_Logo.svg.png"",""slogan"":""Going Places Together"",""head_quaters"":""Qatar Airways Towers, Doha, Qatar"",""website"":""www.qatarairways.com"",""established"":""1994""}",0
5f1c59cbfa523c3aa793c019,Leonie Popelka,154,"{""id"":4,""name"":""Emirates"",""country"":""Dubai"",""logo"":""https://upload.wikimedia.org/wikipedia/commons/thumb/d/d0/Emirates_logo.svg/150px-Emirates_logo.svg.png"",""slogan"":""From Dubai to destinations around the world."",""head_quaters"":""Garhoud, Dubai, United Arab Emirates"",""website"":""www.emirates.com/"",""established"":""1985""}",0
5f1c59ccfa523c3aa793c067,Charisse Cyprus,811,"{""id"":9,""name"":""Japan Airlines"",""country"":""Japan"",""logo"":""https://upload.wikimedia.org/wikipedia/en/thumb/d/dd/Japan_Airlines_Logo_%282011%29.svg/300px-Japan_Airlines_Logo_%282011%29.svg.png"",""slogan"":""Fly into tomorrow"",""head_quaters"":""Shinagawa, Tokyo, Japan"",""website"":""www.jal.com"",""established"":""1951""}",0
5f1c59c9fa523c3aa793bf5a,Jolyn Loni,552,"{""id"":3,""name"":""Cathay Pacific"",""country"":""Hong Kong"",""logo"":""https://upload.wikimedia.org/wikipedia/en/thumb/1/17/Cathay_Pacific_logo.svg/300px-Cathay_Pacific_logo.svg.png"",""slogan"":""Move Beyond"",""head_quaters"":""Cathay City, Hong Kong International Airport, Chek Lap Kok, Hong Kong"",""website"":""www.cathaypacific.com"",""established"":""1946""}",0
5f1c59ccfa523c3aa793c06b,Brdis Sherilyn,438,"[{""id"":2,""name"":""Singapore Airlines"",""country"":""Singapore"",""logo"":""https://upload.wikimedia.org/wikipedia/en/thumb/6/6b/Singapore_Airlines_Logo_2.svg/250px-Singapore_Airlines_Logo_2.svg.png"",""slogan"":""A Great Way to Fly"",""head_quaters"":""Airline House, 25 Airline Road, Singapore 819829"",""website"":""www.singaporeair.com"",""established"":""1947""}]",0
5f1c59ccfa523c3aa793c052,Drusy Sewel,898,"{""id"":1,""name"":""Quatar Airways"",""country"":""Quatar"",""logo"":""https://upload.wikimedia.org/wikipedia/en/thumb/9/9b/Qatar_Airways_Logo.svg/300px-Qatar_Airways_Logo.svg.png"",""slogan"":""Going Places Together"",""head_quaters"":""Qatar Airways Towers, Doha, Qatar"",""website"":""www.qatarairways.com"",""established"":""1994""}",0
5f1c59c9fa523c3aa793bf50,Lottie Harilda,154,"{""id"":7,""name"":""Deutsche Lufthansa AG"",""country"":""Germany"",""logo"":""https://upload.wikimedia.org/wikipedia/commons/thumb/b/b8/Lufthansa_Logo_2018.svg/300px-Lufthansa_Logo_2018.svg.png"",""slogan"":""Say yes to the world"",""head_quaters"":""Cologne, Germany"",""website"":""lufthansa.com"",""established"":""1953""}",0
5f1c59ccfa523c3aa793c05f,Keriann Dredi,889,"[{""id"":9,""name"":""Japan Airlines"",""country"":""Japan"",""logo"":""https://upload.wikimedia.org/wikipedia/en/thumb/d/dd/Japan_Airlines_Logo_%282011%29.svg/300px-Japan_Airlines_Logo_%282011%29.svg.png"",""slogan"":""Fly into tomorrow"",""head_quaters"":""Shinagawa, Tokyo, Japan"",""website"":""www.jal.com"",""established"":""1951""}]",0
5f1c59cbfa523c3aa793c015,Fidelity Hollenbeck,997,"{""id"":2,""name"":""Singapore Airlines"",""country"":""Singapore"",""logo"":""https://upload.wikimedia.org/wikipedia/en/thumb/6/6b/Singapore_Airlines_Logo_2.svg/250px-Singapore_Airlines_Logo_2.svg.png"",""slogan"":""A Great Way to Fly"",""head_quaters"":""Airline House, 25 Airline Road, Singapore 819829"",""website"":""www.singaporeair.com"",""established"":""1947""}",0
5f1c59cbfa523c3aa793c04a,Salome Tedie,658,"{""id"":2,""name"":""Singapore Airlines"",""country"":""Singapore"",""logo"":""https://upload.wikimedia.org/wikipedia/en/thumb/6/6b/Singapore_Airlines_Logo_2.svg/250px-Singapore_Airlines_Logo_2.svg.png"",""slogan"":""A Great Way to Fly"",""head_quaters"":""Airline House, 25 Airline Road, Singapore 819829"",""website"":""www.singaporeair.com"",""established"":""1947""}",0
5f1c59c9fa523c3aa793bf55,Bilyn Guise the third,7070,"[{""id"":10,""name"":""Swiss International Air Lines"",""country"":""Switzerland"",""logo"":""https://upload.wikimedia.org/wikipedia/commons/thumb/f/f8/Swiss_International_Air_Lines_Logo_2011.svg/200px-Swiss_International_Air_Lines_Logo_2011.svg.png"",""slogan"":""Made of Switzerland. The Airline of Switzerland"",""head_quaters"":""EuroAirport Basel Mulhouse Freiburg near Basel, Switzerland"",""website"":""www.swiss.com"",""established"":""2002""}]",0
5f1c59cdfa523c3aa793c082,Jessi Agustin,516,"{""id"":6,""name"":""Qantas"",""country"":""Austrailia"",""logo"":""https://upload.wikimedia.org/wikipedia/en/thumb/0/02/Qantas_Airways_logo_2016.svg/300px-Qantas_Airways_logo_2016.svg.png"",""slogan"":""Spirit of Australia"",""head_quaters"":""Mascot, Sydney, Australia"",""website"":""qantas.com"",""established"":""1920""}",0
5f1c59cdfa523c3aa793c086,Kati Moffat,463,"{""id"":2,""name"":""Singapore Airlines"",""country"":""Singapore"",""logo"":""https://upload.wikimedia.org/wikipedia/en/thumb/6/6b/Singapore_Airlines_Logo_2.svg/250px-Singapore_Airlines_Logo_2.svg.png"",""slogan"":""A Great Way to Fly"",""head_quaters"":""Airline House, 25 Airline Road, Singapore 819829"",""website"":""www.singaporeair.com"",""established"":""1947""}",0
5f1c59cafa523c3aa793bfa8,Noelani Shoemaker,222,"{""id"":3,""name"":""Cathay Pacific"",""country"":""Hong Kong"",""logo"":""https://upload.wikimedia.org/wikipedia/en/thumb/1/17/Cathay_Pacific_logo.svg/300px-Cathay_Pacific_logo.svg.png"",""slogan"":""Move Beyond"",""head_quaters"":""Cathay City, Hong Kong International Airport, Chek Lap Kok, Hong Kong"",""website"":""www.cathaypacific.com"",""established"":""1946""}",0
5f1c59cffa523c3aa793c0a3,Allene Corvin,758,"{""id"":8,""name"":""Thai Airways"",""country"":""Thailand"",""logo"":""https://upload.wikimedia.org/wikipedia/en/thumb/5/58/Thai_Airways_Logo.svg/200px-Thai_Airways_Logo.svg.png"",""slogan"":""Smooth as Silk / I Fly THAI"",""head_quaters"":""Jom Phol Subdistrict, Chatuchak, Bangkok, Thailand"",""website"":""www.thaiairways.com"",""established"":""1960""}",0
5f1c59ccfa523c3aa793c06d,Doralynn Orr,173,"{""id"":6,""name"":""Qantas"",""country"":""Austrailia"",""logo"":""https://upload.wikimedia.org/wikipedia/en/thumb/0/02/Qantas_Airways_logo_2016.svg/300px-Qantas_Airways_logo_2016.svg.png"",""slogan"":""Spirit of Australia"",""head_quaters"":""Mascot, Sydney, Australia"",""website"":""qantas.com"",""established"":""1920""}",0
5f1c59cafa523c3aa793bfac,Rona Cullin,195,"{""id"":9,""name"":""Japan Airlines"",""country"":""Japan"",""logo"":""https://upload.wikimedia.org/wikipedia/en/thumb/d/dd/Japan_Airlines_Logo_%282011%29.svg/300px-Japan_Airlines_Logo_%282011%29.svg.png"",""slogan"":""Fly into tomorrow"",""head_quaters"":""Shinagawa, Tokyo, Japan"",""website"":""www.jal.com"",""established"":""1951""}",0
5f1c59cffa523c3aa793c0a7,Ann-Marie Jesher,833,"{""id"":6,""name"":""Qantas"",""country"":""Austrailia"",""logo"":""https://upload.wikimedia.org/wikipedia/en/thumb/0/02/Qantas_Airways_logo_2016.svg/300px-Qantas_Airways_logo_2016.svg.png"",""slogan"":""Spirit of Australia"",""head_quaters"":""Mascot, Sydney, Australia"",""website"":""qantas.com"",""established"":""1920""}",0
5f1c59cafa523c3aa793bfb0,Elke Hosbein,911,"{""id"":1,""name"":""Quatar Airways"",""country"":""Quatar"",""logo"":""https://upload.wikimedia.org/wikipedia/en/thumb/9/9b/Qatar_Airways_Logo.svg/300px-Qatar_Airways_Logo.svg.png"",""slogan"":""Going Places Together"",""head_quaters"":""Qatar Airways Towers, Doha, Qatar"",""website"":""www.qatarairways.com"",""established"":""1994""}",0
5f1c59cdfa523c3aa793c08a,Georgine Hung,995,"{""id"":9,""name"":""Japan Airlines"",""country"":""Japan"",""logo"":""https://upload.wikimedia.org/wikipedia/en/thumb/d/dd/Japan_Airlines_Logo_%282011%29.svg/300px-Japan_Airlines_Logo_%282011%29.svg.png"",""slogan"":""Fly into tomorrow"",""head_quaters"":""Shinagawa, Tokyo, Japan"",""website"":""www.jal.com"",""established"":""1951""}",0
5f1c59ccfa523c3aa793c071,Romola Sewellyn,417,"{""id"":4,""name"":""Emirates"",""country"":""Dubai"",""logo"":""https://upload.wikimedia.org/wikipedia/commons/thumb/d/d0/Emirates_logo.svg/150px-Emirates_logo.svg.png"",""slogan"":""From Dubai to destinations around the world."",""head_quaters"":""Garhoud, Dubai, United Arab Emirates"",""website"":""www.emirates.com/"",""established"":""1985""}",0
5f1c59ccfa523c3aa793c077,Aangelle Bullard,580,"[{""id"":5,""name"":""Eva Air"",""country"":""Taiwan"",""logo"":""https://upload.wikimedia.org/wikipedia/en/thumb/e/ed/EVA_Air_logo.svg/250px-EVA_Air_logo.svg.png"",""slogan"":""Sharing the World, Flying Together"",""head_quaters"":""376, Hsin-Nan Rd., Sec. 1, Luzhu, Taoyuan City, Taiwan"",""website"":""www.evaair.com"",""established"":""1989""}]",0
5f1c59cdfa523c3aa793c087,Kelsey Swaine,50,"[{""id"":9,""name"":""Japan Airlines"",""country"":""Japan"",""logo"":""https://upload.wikimedia.org/wikipedia/en/thumb/d/dd/Japan_Airlines_Logo_%282011%29.svg/300px-Japan_Airlines_Logo_%282011%29.svg.png"",""slogan"":""Fly into tomorrow"",""head_quaters"":""Shinagawa, Tokyo, Japan"",""website"":""www.jal.com"",""established"":""1951""}]",0
5f1c59ccfa523c3aa793c062,Jerrylee Rici,731,"{""id"":3,""name"":""Cathay Pacific"",""country"":""Hong Kong"",""logo"":""https://upload.wikimedia.org/wikipedia/en/thumb/1/17/Cathay_Pacific_logo.svg/300px-Cathay_Pacific_logo.svg.png"",""slogan"":""Move Beyond"",""head_quaters"":""Cathay City, Hong Kong International Airport, Chek Lap Kok, Hong Kong"",""website"":""www.cathaypacific.com"",""established"":""1946""}",0
5f1c59c9fa523c3aa793bf73,Josey Celeste,575,"{""id"":8,""name"":""Thai Airways"",""country"":""Thailand"",""logo"":""https://upload.wikimedia.org/wikipedia/en/thumb/5/58/Thai_Airways_Logo.svg/200px-Thai_Airways_Logo.svg.png"",""slogan"":""Smooth as Silk / I Fly THAI"",""head_quaters"":""Jom Phol Subdistrict, Chatuchak, Bangkok, Thailand"",""website"":""www.thaiairways.com"",""established"":""1960""}",0
5f1c59ccfa523c3aa793c05e,Selestina Amberly,592,"{""id"":1,""name"":""Quatar Airways"",""country"":""Quatar"",""logo"":""https://upload.wikimedia.org/wikipedia/en/thumb/9/9b/Qatar_Airways_Logo.svg/300px-Qatar_Airways_Logo.svg.png"",""slogan"":""Going Places Together"",""head_quaters"":""Qatar Airways Towers, Doha, Qatar"",""website"":""www.qatarairways.com"",""established"":""1994""}",0
